{
  "timestamp": "2025-12-09T03:51:01.976558",
  "baseline": {
    "temp_MAE": 1.5372505091106299,
    "temp_RMSE": 1.9452379700945173,
    "temp_R2": 0.9089124584177928,
    "weather_Accuracy": 0.4954128440366973,
    "weather_F1_macro": 0.3260530627345277,
    "weather_F1_weighted": 0.4853754553578398
  },
  "transformer": {
    "temp_MAE": 1.5250502824783325,
    "temp_RMSE": 1.9400732733466486,
    "temp_R2": 0.9093955159187317,
    "weather_Accuracy": 0.41284403669724773,
    "weather_F1_macro": 0.3298139981908639,
    "weather_F1_weighted": 0.331288719040328
  },
  "comparison": {
    "temp_winner": "Transformer",
    "weather_winner": "Baseline"
  }
}