{
  "timestamp": "2025-12-09T03:39:20.401833",
  "baseline": {
    "temp_MAE": 1.6097686667820563,
    "temp_RMSE": 1.9238386124630302,
    "temp_R2": 0.7044541750459101,
    "weather_Accuracy": 0.5185185185185185,
    "weather_F1_macro": 0.2771867612293144,
    "weather_F1_weighted": 0.4825759565712285
  },
  "transformer": {
    "temp_MAE": 1.437727451324463,
    "temp_RMSE": 1.7922443597050066,
    "temp_R2": 0.7435030937194824,
    "weather_Accuracy": 0.48148148148148145,
    "weather_F1_macro": 0.23796791443850268,
    "weather_F1_weighted": 0.42047930283224405
  },
  "comparison": {
    "temp_winner": "Transformer",
    "weather_winner": "Baseline"
  }
}